customer_id,gender,senior_citizen,partner,dependents,tenure,phone_service,multiple_lines,internet_service,online_security,online_backup,device_protection,tech_support,streaming_tv,streaming_movies,contract,paperless_billing,payment_method,monthly_charges,gender_male,partner_yes,dependents_yes,dependents_nan,phone_service_yes,phone_service_nan,multiple_lines_no_phone_service,multiple_lines_yes,multiple_lines_nan,internet_service_fiber_optic,internet_service_no,internet_service_nan,online_security_no_internet_service,online_security_yes,online_security_nan,online_backup_no_internet_service,online_backup_yes,online_backup_nan,device_protection_no_internet_service,device_protection_yes,tech_support_no_internet_service,tech_support_yes,streaming_tv_no_internet_service,streaming_tv_yes,streaming_movies_no_internet_service,streaming_movies_yes,contract_one_year,contract_two_year,paperless_billing_yes,payment_method_credit_card_automatic,payment_method_electronic_check,payment_method_mailed_check
7590-VHVEG,Female,0,Yes,No,1.0,No,No phone service,DSL,No,Yes,No,No,No,No,Month-to-month,Yes,Electronic check,29.85,False,True,False,False,False,False,True,False,False,False,False,False,False,False,False,False,True,False,False,False,False,False,False,False,False,False,False,False,True,False,True,False
5575-GNVDE,Male,0,No,No,34.0,Yes,No,DSL,Yes,No,Yes,No,No,No,One year,No,Mailed check,56.95,True,False,False,False,True,False,False,False,False,False,False,False,False,True,False,False,False,False,False,True,False,False,False,False,False,False,True,False,False,False,False,True
3668-QPYBK,Male,0,No,No,2.0,Yes,nan,DSL,Yes,Yes,No,No,No,No,Month-to-month,Yes,Mailed check,53.85,True,False,False,False,True,False,False,False,True,False,False,False,False,True,False,False,True,False,False,False,False,False,False,False,False,False,False,False,True,False,False,True
7795-CFOCW,Male,0,No,No,45.0,No,No phone service,DSL,Yes,No,Yes,Yes,No,No,One year,No,Bank transfer (automatic),42.3,True,False,False,False,False,False,True,False,False,False,False,False,False,True,False,False,False,False,False,True,False,True,False,False,False,False,True,False,False,False,False,False
9237-HQITU,Female,0,No,No,2.0,Yes,No,Fiber optic,No,No,No,No,No,No,Month-to-month,Yes,Electronic check,70.7,False,False,False,False,True,False,False,False,False,True,False,False,False,False,False,False,False,False,False,False,False,False,False,False,False,False,False,False,True,False,True,False
9305-CDSKC,Female,0,No,No,8.0,Yes,Yes,Fiber optic,No,No,Yes,No,Yes,Yes,Month-to-month,Yes,Electronic check,99.65,False,False,False,False,True,False,False,True,False,True,False,False,False,False,False,False,False,False,False,True,False,False,False,True,False,True,False,False,True,False,True,False
1452-KIOVK,Male,0,No,Yes,22.0,Yes,Yes,Fiber optic,No,Yes,No,No,Yes,No,Month-to-month,Yes,Credit card (automatic),89.1,True,False,True,False,True,False,False,True,False,True,False,False,False,False,False,False,True,False,False,False,False,False,False,True,False,False,False,False,True,True,False,False
6713-OKOMC,Female,0,No,No,10.0,No,No phone service,DSL,nan,No,No,No,No,No,Month-to-month,No,Mailed check,29.75,False,False,False,False,False,False,True,False,False,False,False,False,False,False,True,False,False,False,False,False,False,False,False,False,False,False,False,False,False,False,False,True
7892-POOKP,Female,0,Yes,No,28.0,Yes,Yes,Fiber optic,No,No,Yes,Yes,Yes,Yes,Month-to-month,Yes,Electronic check,104.8,False,True,False,False,True,False,False,True,False,True,False,False,False,False,False,False,False,False,False,True,False,True,False,True,False,True,False,False,True,False,True,False
6388-TABGU,Male,0,No,Yes,25.0,Yes,No,DSL,Yes,Yes,No,No,No,No,One year,No,Bank transfer (automatic),56.15,True,False,True,False,True,False,False,False,False,False,False,False,False,True,False,False,True,False,False,False,False,False,False,False,False,False,True,False,False,False,False,False
9763-GRSKD,Male,0,Yes,nan,13.0,Yes,nan,DSL,nan,No,No,No,No,No,Month-to-month,Yes,Mailed check,49.95,True,True,False,True,True,False,False,False,True,False,False,False,False,False,True,False,False,False,False,False,False,False,False,False,False,False,False,False,True,False,False,True
7469-LKBCI,Male,0,No,No,16.0,Yes,No,No,No internet service,No internet service,No internet service,No internet service,No internet service,No internet service,Two year,No,Credit card (automatic),18.95,True,False,False,False,True,False,False,False,False,False,True,False,True,False,False,True,False,False,True,False,True,False,True,False,True,False,False,True,False,True,False,False
8091-TTVAX,Male,0,Yes,No,58.0,nan,Yes,Fiber optic,No,No,Yes,No,Yes,Yes,One year,No,Credit card (automatic),100.35,True,True,False,False,False,True,False,True,False,True,False,False,False,False,False,False,False,False,False,True,False,False,False,True,False,True,True,False,False,True,False,False
0280-XJGEX,Male,0,No,No,49.0,Yes,Yes,Fiber optic,No,Yes,Yes,No,Yes,Yes,Month-to-month,Yes,Bank transfer (automatic),103.7,True,False,False,False,True,False,False,True,False,True,False,False,False,False,False,False,True,False,False,True,False,False,False,True,False,True,False,False,True,False,False,False
5129-JLPIS,Male,0,No,No,25.0,nan,No,Fiber optic,Yes,No,Yes,Yes,Yes,Yes,Month-to-month,Yes,Electronic check,105.5,True,False,False,False,False,True,False,False,False,True,False,False,False,True,False,False,False,False,False,True,False,True,False,True,False,True,False,False,True,False,True,False
3655-SNQYZ,Female,0,Yes,Yes,69.0,Yes,Yes,Fiber optic,Yes,Yes,Yes,Yes,Yes,Yes,Two year,No,Credit card (automatic),113.25,False,True,True,False,True,False,False,True,False,True,False,False,False,True,False,False,True,False,False,True,False,True,False,True,False,True,False,True,False,True,False,False
8191-XWSZG,Female,0,No,No,52.0,Yes,No,No,No internet service,No internet service,No internet service,No internet service,No internet service,No internet service,One year,No,Mailed check,20.65,False,False,False,False,True,False,False,False,False,False,True,False,True,False,False,True,False,False,True,False,True,False,True,False,True,False,True,False,False,False,False,True
9959-WOFKT,Male,0,No,Yes,71.0,Yes,Yes,Fiber optic,Yes,No,Yes,No,Yes,Yes,Two year,No,Bank transfer (automatic),106.7,True,False,True,False,True,False,False,True,False,True,False,False,False,True,False,False,False,False,False,True,False,False,False,True,False,True,False,True,False,False,False,False
4190-MFLUW,Female,0,Yes,Yes,10.0,Yes,No,DSL,No,No,Yes,Yes,No,No,Month-to-month,No,Credit card (automatic),55.2,False,True,True,False,True,False,False,False,False,False,False,False,False,False,False,False,False,False,False,True,False,True,False,False,False,False,False,False,False,True,False,False
4183-MYFRB,Female,0,No,nan,21.0,Yes,No,Fiber optic,No,Yes,Yes,No,No,Yes,Month-to-month,Yes,Electronic check,90.05,False,False,False,True,True,False,False,False,False,True,False,False,False,False,False,False,True,False,False,True,False,False,False,False,False,True,False,False,True,False,True,False
8779-QRDMV,Male,1,No,nan,1.0,No,No phone service,DSL,No,No,Yes,No,No,Yes,Month-to-month,Yes,Electronic check,39.65,True,False,False,True,False,False,True,False,False,False,False,False,False,False,False,False,False,False,False,True,False,False,False,False,False,True,False,False,True,False,True,False
1680-VDCWW,Male,0,Yes,nan,12.0,Yes,No,No,No internet service,No internet service,No internet service,No internet service,No internet service,No internet service,One year,No,Bank transfer (automatic),19.8,True,True,False,True,True,False,False,False,False,False,True,False,True,False,False,True,False,False,True,False,True,False,True,False,True,False,True,False,False,False,False,False
1066-JKSGK,Male,0,No,No,1.0,nan,No,No,No internet service,No internet service,No internet service,No internet service,No internet service,No internet service,Month-to-month,No,Mailed check,20.15,True,False,False,False,False,True,False,False,False,False,True,False,True,False,False,True,False,False,True,False,True,False,True,False,True,False,False,False,False,False,False,True
3638-WEABW,Female,0,Yes,No,58.0,Yes,Yes,DSL,No,Yes,No,Yes,No,No,Two year,Yes,Credit card (automatic),59.9,False,True,False,False,True,False,False,True,False,False,False,False,False,False,False,False,True,False,False,False,False,True,False,False,False,False,False,True,True,True,False,False
6322-HRPFA,Male,0,Yes,Yes,49.0,nan,No,DSL,nan,Yes,No,Yes,No,No,Month-to-month,No,Credit card (automatic),59.6,True,True,True,False,False,True,False,False,False,False,False,False,False,False,True,False,True,False,False,False,False,True,False,False,False,False,False,False,False,True,False,False
6865-JZNKO,Female,0,No,No,30.0,Yes,No,DSL,Yes,Yes,No,No,No,No,Month-to-month,Yes,Bank transfer (automatic),55.3,False,False,False,False,True,False,False,False,False,False,False,False,False,True,False,False,True,False,False,False,False,False,False,False,False,False,False,False,True,False,False,False
6467-CHFZW,Male,0,Yes,Yes,47.0,Yes,Yes,nan,No,nan,No,No,Yes,Yes,Month-to-month,Yes,Electronic check,99.35,True,True,True,False,True,False,False,True,False,False,False,True,False,False,False,False,False,True,False,False,False,False,False,True,False,True,False,False,True,False,True,False
8665-UTDHZ,Male,0,Yes,Yes,1.0,No,No phone service,DSL,No,Yes,No,No,No,No,Month-to-month,No,Electronic check,30.2,True,True,True,False,False,False,True,False,False,False,False,False,False,False,False,False,True,False,False,False,False,False,False,False,False,False,False,False,False,False,True,False
5248-YGIJN,Male,0,Yes,No,72.0,Yes,Yes,DSL,Yes,Yes,Yes,Yes,Yes,Yes,Two year,Yes,Credit card (automatic),90.25,True,True,False,False,True,False,False,True,False,False,False,False,False,True,False,False,True,False,False,True,False,True,False,True,False,True,False,True,True,True,False,False
8773-HHUOZ,Female,0,No,Yes,17.0,Yes,No,DSL,No,No,No,No,Yes,Yes,Month-to-month,Yes,Mailed check,64.7,False,False,True,False,True,False,False,False,False,False,False,False,False,False,False,False,False,False,False,False,False,False,False,True,False,True,False,False,True,False,False,True
3841-NFECX,Female,1,Yes,No,71.0,Yes,Yes,Fiber optic,Yes,Yes,Yes,Yes,No,No,Two year,Yes,Credit card (automatic),96.35,False,True,False,False,True,False,False,True,False,True,False,False,False,True,False,False,True,False,False,True,False,True,False,False,False,False,False,True,True,True,False,False
4929-XIHVW,Male,1,Yes,No,2.0,Yes,No,Fiber optic,No,No,Yes,No,Yes,Yes,Month-to-month,Yes,Credit card (automatic),95.5,True,True,False,False,True,False,False,False,False,True,False,False,False,False,False,False,False,False,False,True,False,False,False,True,False,True,False,False,True,True,False,False
6827-IEAUQ,Female,0,Yes,Yes,27.0,Yes,No,DSL,Yes,Yes,Yes,Yes,No,No,One year,No,Mailed check,66.15,False,True,True,False,True,False,False,False,False,False,False,False,False,True,False,False,True,False,False,True,False,True,False,False,False,False,True,False,False,False,False,True
7310-EGVHZ,Male,0,No,No,1.0,Yes,No,No,No internet service,No internet service,No internet service,No internet service,No internet service,No internet service,Month-to-month,No,Bank transfer (automatic),20.2,True,False,False,False,True,False,False,False,False,False,True,False,True,False,False,True,False,False,True,False,True,False,True,False,True,False,False,False,False,False,False,False
3413-BMNZE,Male,1,No,No,1.0,Yes,No,DSL,No,No,No,No,No,No,Month-to-month,No,Bank transfer (automatic),45.25,True,False,False,False,True,False,False,False,False,False,False,False,False,False,False,False,False,False,False,False,False,False,False,False,False,False,False,False,False,False,False,False
6234-RAAPL,Female,0,Yes,Yes,72.0,Yes,Yes,Fiber optic,Yes,Yes,No,Yes,Yes,No,Two year,No,Bank transfer (automatic),99.9,False,True,True,False,True,False,False,True,False,True,False,False,False,True,False,False,True,False,False,False,False,True,False,True,False,False,False,True,False,False,False,False
6047-YHPVI,Male,0,No,No,5.0,Yes,No,Fiber optic,No,No,No,No,No,No,Month-to-month,Yes,Electronic check,69.7,True,False,False,False,True,False,False,False,False,True,False,False,False,False,False,False,False,False,False,False,False,False,False,False,False,False,False,False,True,False,True,False
6572-ADKRS,Female,0,No,No,46.0,Yes,No,Fiber optic,No,No,Yes,No,No,No,Month-to-month,Yes,Credit card (automatic),74.8,False,False,False,False,True,False,False,False,False,True,False,False,False,False,False,False,False,False,False,True,False,False,False,False,False,False,False,False,True,True,False,False
5380-WJKOV,Male,0,No,No,34.0,Yes,Yes,Fiber optic,No,Yes,Yes,No,Yes,Yes,Month-to-month,Yes,Electronic check,106.35,True,False,False,False,True,False,False,True,False,True,False,False,False,False,False,False,True,False,False,True,False,False,False,True,False,True,False,False,True,False,True,False
8168-UQWWF,Female,0,No,No,11.0,Yes,Yes,Fiber optic,No,No,Yes,No,Yes,Yes,Month-to-month,Yes,Bank transfer (automatic),97.85,False,False,False,False,True,False,False,True,False,True,False,False,False,False,False,False,False,False,False,True,False,False,False,True,False,True,False,False,True,False,False,False
8865-TNMNX,Male,0,Yes,Yes,10.0,Yes,No,DSL,No,Yes,No,No,No,No,One year,No,Mailed check,49.55,True,True,True,False,True,False,False,False,False,False,False,False,False,False,False,False,True,False,False,False,False,False,False,False,False,False,True,False,False,False,False,True
9489-DEDVP,Female,0,Yes,Yes,70.0,Yes,Yes,DSL,Yes,Yes,No,No,Yes,No,Two year,Yes,Credit card (automatic),69.2,False,True,True,False,True,False,False,True,False,False,False,False,False,True,False,False,True,False,False,False,False,False,False,True,False,False,False,True,True,True,False,False
9867-JCZSP,Female,0,Yes,Yes,17.0,Yes,No,No,No internet service,No internet service,No internet service,No internet service,No internet service,No internet service,One year,No,Mailed check,20.75,False,True,True,False,True,False,False,False,False,False,True,False,True,False,False,True,False,False,True,False,True,False,True,False,True,False,True,False,False,False,False,True
4671-VJLCL,Female,0,No,No,63.0,Yes,Yes,DSL,Yes,Yes,Yes,Yes,Yes,No,Two year,Yes,Credit card (automatic),79.85,False,False,False,False,True,False,False,True,False,False,False,False,False,True,False,False,True,False,False,True,False,True,False,True,False,False,False,True,True,True,False,False
4080-IIARD,Female,0,Yes,No,13.0,Yes,Yes,DSL,Yes,Yes,No,Yes,Yes,No,Month-to-month,Yes,Electronic check,76.2,False,True,False,False,True,False,False,True,False,False,False,False,False,True,False,False,True,False,False,False,False,True,False,True,False,False,False,False,True,False,True,False
3714-NTNFO,Female,0,No,No,49.0,Yes,Yes,Fiber optic,No,No,No,No,No,Yes,Month-to-month,Yes,Electronic check,84.5,False,False,False,False,True,False,False,True,False,True,False,False,False,False,False,False,False,False,False,False,False,False,False,False,False,True,False,False,True,False,True,False
5948-UJZLF,Male,0,No,No,2.0,Yes,No,DSL,No,Yes,No,No,No,No,Month-to-month,No,Mailed check,49.25,True,False,False,False,True,False,False,False,False,False,False,False,False,False,False,False,True,False,False,False,False,False,False,False,False,False,False,False,False,False,False,True
7760-OYPDY,Female,0,No,No,2.0,Yes,No,Fiber optic,No,No,No,No,Yes,No,Month-to-month,Yes,Electronic check,80.65,False,False,False,False,True,False,False,False,False,True,False,False,False,False,False,False,False,False,False,False,False,False,False,True,False,False,False,False,True,False,True,False
7639-LIAYI,Male,0,No,No,52.0,Yes,Yes,DSL,Yes,No,No,Yes,Yes,Yes,Two year,Yes,Credit card (automatic),79.75,True,False,False,False,True,False,False,True,False,False,False,False,False,True,False,False,False,False,False,False,False,True,False,True,False,True,False,True,True,True,False,False
2954-PIBKO,Female,0,Yes,Yes,69.0,Yes,Yes,DSL,Yes,No,Yes,Yes,No,No,Two year,Yes,Credit card (automatic),64.15,False,True,True,False,True,False,False,True,False,False,False,False,False,True,False,False,False,False,False,True,False,True,False,False,False,False,False,True,True,True,False,False
8012-SOUDQ,Female,1,No,No,43.0,Yes,Yes,Fiber optic,No,Yes,No,No,Yes,No,Month-to-month,Yes,Electronic check,90.25,False,False,False,False,True,False,False,True,False,True,False,False,False,False,False,False,True,False,False,False,False,False,False,True,False,False,False,False,True,False,True,False
9420-LOJKX,Female,0,No,No,15.0,Yes,No,Fiber optic,Yes,Yes,No,No,Yes,Yes,Month-to-month,Yes,Credit card (automatic),99.1,False,False,False,False,True,False,False,False,False,True,False,False,False,True,False,False,True,False,False,False,False,False,False,True,False,True,False,False,True,True,False,False
6575-SUVOI,Female,1,Yes,No,25.0,Yes,Yes,DSL,Yes,No,No,Yes,Yes,No,Month-to-month,Yes,Credit card (automatic),69.5,False,True,False,False,True,False,False,True,False,False,False,False,False,True,False,False,False,False,False,False,False,True,False,True,False,False,False,False,True,True,False,False
7495-OOKFY,Female,1,Yes,No,8.0,Yes,Yes,Fiber optic,No,Yes,No,No,No,No,Month-to-month,Yes,Credit card (automatic),80.65,False,True,False,False,True,False,False,True,False,True,False,False,False,False,False,False,True,False,False,False,False,False,False,False,False,False,False,False,True,True,False,False
4667-QONEA,Female,1,Yes,Yes,60.0,Yes,No,DSL,Yes,Yes,Yes,Yes,No,Yes,One year,Yes,Credit card (automatic),74.85,False,True,True,False,True,False,False,False,False,False,False,False,False,True,False,False,True,False,False,True,False,True,False,False,False,True,True,False,True,True,False,False
1658-BYGOY,Male,1,No,No,18.0,Yes,Yes,Fiber optic,No,No,No,No,Yes,Yes,Month-to-month,Yes,Electronic check,95.45,True,False,False,False,True,False,False,True,False,True,False,False,False,False,False,False,False,False,False,False,False,False,False,True,False,True,False,False,True,False,True,False
8769-KKTPH,Female,0,Yes,Yes,63.0,Yes,Yes,Fiber optic,Yes,No,No,No,Yes,Yes,One year,Yes,Credit card (automatic),99.65,False,True,True,False,True,False,False,True,False,True,False,False,False,True,False,False,False,False,False,False,False,False,False,True,False,True,True,False,True,True,False,False
5067-XJQFU,Male,1,Yes,Yes,66.0,Yes,Yes,Fiber optic,No,Yes,Yes,Yes,Yes,Yes,One year,Yes,Electronic check,108.45,True,True,True,False,True,False,False,True,False,True,False,False,False,False,False,False,True,False,False,True,False,True,False,True,False,True,True,False,True,False,True,False
3957-SQXML,Female,0,Yes,Yes,34.0,Yes,Yes,No,No internet service,No internet service,No internet service,No internet service,No internet service,No internet service,Two year,No,Credit card (automatic),24.95,False,True,True,False,True,False,False,True,False,False,True,False,True,False,False,True,False,False,True,False,True,False,True,False,True,False,False,True,False,True,False,False
5954-BDFSG,Female,0,No,No,72.0,Yes,Yes,Fiber optic,No,No,Yes,Yes,Yes,Yes,Two year,Yes,Credit card (automatic),107.5,False,False,False,False,True,False,False,True,False,True,False,False,False,False,False,False,False,False,False,True,False,True,False,True,False,True,False,True,True,True,False,False
